{"cameraMode":{"drawMode":0,"name":"Shaded","section":"Shading Mode"},"sceneLighting":true,"audioPlay":false,"sceneViewState":{"m_AlwaysRefresh":false,"showFog":true,"showSkybox":true,"showFlares":true,"showImageEffects":true,"showParticleSystems":true,"showVisualEffectGraphs":true,"m_FxEnabled":true},"in2DMode":false,"pivot":{"x":-3.9167325496673586,"y":4.795586585998535,"z":-15.488065719604493},"rotation":{"x":0.16489002108573914,"y":-0.6475569009780884,"z":0.14637243747711183,"w":0.7294338345527649},"size":4.124105930328369,"orthographic":true}