{"cameraMode":{"drawMode":0,"name":"Shaded","section":"Shading Mode"},"sceneLighting":true,"audioPlay":false,"sceneViewState":{"m_AlwaysRefresh":false,"showFog":true,"showSkybox":true,"showFlares":true,"showImageEffects":true,"showParticleSystems":true,"showVisualEffectGraphs":true,"m_FxEnabled":true},"in2DMode":false,"pivot":{"x":-3.9167325496673586,"y":4.795586585998535,"z":-15.488065719604493},"rotation":{"x":0.20873117446899415,"y":-0.0176091231405735,"z":0.0037558211479336025,"w":0.9778180718421936},"size":4.124105930328369,"orthographic":true}